﻿<?xml version="1.0" encoding="UTF-8" standalone="yes"?>
<Socios>
    <socios dni="43180101Q">
        <nombre>Roberto</nombre>
        <apellidos>Gonzalez</apellidos>
        <telefono>971971971</telefono>
        <fechaInicio>2020-02-20T01:00:00+01:00</fechaInicio>
        <fechaFin>2021-02-20T01:00:00+01:00</fechaFin>
        <sedeAsignada>
            <correo>mail</correo>
            <direccion>calle principal</direccion>
            <nombre>Sede Principal</nombre>
            <telefono>971971971</telefono>
        </sedeAsignada>
        <cargo>cargo</cargo>
        <correo>correo</correo>
        <cuota>150.0</cuota>
        <Estado>true</Estado>
        <id>3</id>
        <pass>799795</pass>
        <tipoCuota>MES</tipoCuota>
    </socios>
        <socios dni="43157905S">
        <nombre>Cristina</nombre>
        <apellidos>Perez</apellidos>
        <telefono>971971971</telefono>
        <fechaInicio>2020-02-20T01:00:00+01:00</fechaInicio>
        <fechaFin>2021-02-20T01:00:00+01:00</fechaFin>
        <sedeAsignada>
            <correo>mail</correo>
            <direccion>calle principal</direccion>
            <nombre>Sede Principal</nombre>
            <telefono>971971971</telefono>
        </sedeAsignada>
        <cargo>cargo</cargo>
        <correo>correo</correo>
        <cuota>150.0</cuota>
        <Estado>true</Estado>
        <id>3</id>
        <pass>799795</pass>
        <tipoCuota>MES</tipoCuota>
    </socios>
</Socios>
